english,spanish,POS,CEFR,ipa,family_size,frequency,example
allowance,provisión,NOUN,B2,/əˈlaʊ.əns/,2,2948,Bad debt allowance
amortization,amortización,NOUN,C1,/əˌmɔːr.taɪˈzeɪ.ʃən/,3,1920,Loan amortization schedule
adjustment,ajuste,NOUN,B2,/əˈdʒʌst.mənt/,4,2982,Year-end adjustments
appraisal,tasación,NOUN,C1,/əˈpreɪ.zəl/,2,1622,Asset appraisal value
allocation,asignación,NOUN,B2,/ˌæl.əˈkeɪ.ʃən/,3,2957,Cost allocation method
available,disponible,ADJ,B1,/əˈveɪ.lə.bəl/,2,4758,Available funds
application,aplicación,NOUN,B2,/ˌæp.lɪˈkeɪ.ʃən/,3,3440,Accounting application
appendix,anexo,NOUN,B2,/əˈpen.dɪks/,1,2040,Appendix schedules
assets,activos,NOUN,B2,/ˈæs.ets/,3,5264,Current assets listed
appendix,anexo,NOUN,B2,/əˈpen.dɪks/,2,1915,Appendix schedules
arrears,atrasos,NOUN,C1,/əˈrɪərz/,3,944,Payments in arrears
authorized,autorizado,ADJ,B2,/ˈɔː.θə.raɪzd/,1,2387,Authorized capital
amortization,amortización,NOUN,C1,/əˌmɔːr.taɪˈzeɪ.ʃən/,1,1979,Loan amortization schedule
attachment,anexo,NOUN,B2,/əˈtætʃ.mənt/,2,1805,Schedule attachment
actual,real,ADJ,B1,/ˈæk.tʃu.əl/,3,3249,Actual costs
account,cuenta,NOUN,B1,/əˈkaʊnt/,7,4678,Current account balance
accrual,devengo,NOUN,C1,/əˈkruː.əl/,3,2409,Accrual accounting method
amendment,enmienda,NOUN,C1,/əˈmend.mənt/,2,930,Accounting amendment
adjusted,ajustado,ADJ,B2,/əˈdʒʌs.tɪd/,3,2849,Adjusted trial balance
adjusted,ajustado,ADJ,B2,/əˈdʒʌs.tɪd/,1,2910,Adjusted trial balance
annuity,anualidad,NOUN,C1,/əˈnjuː.ə.ti/,3,1241,Pension annuity plan
account,cuenta,NOUN,B1,/əˈkaʊnt/,6,4761,Current account balance
assessment,evaluación,NOUN,B2,/əˈses.mənt/,3,3717,Tax assessment notice
accounting,contabilidad,NOUN,B2,/əˈkaʊn.tɪŋ/,7,4078,Financial accounting standards
approval,aprobación,NOUN,B2,/əˈpruː.vəl/,3,3900,Budget approval process
analysis,análisis,NOUN,B2,/əˈnæl.ə.sɪs/,5,4427,Financial analysis report
amortization,amortización,NOUN,C1,/əˌmɔːr.taɪˈzeɪ.ʃən/,2,1945,Loan amortization schedule
appraisal,tasación,NOUN,C1,/əˈpreɪ.zəl/,3,1656,Asset appraisal value
annuity,anualidad,NOUN,C1,/əˈnjuː.ə.ti/,3,1400,Pension annuity plan
appendix,apéndice,NOUN,B2,/əˈpen.dɪks/,1,2079,Financial appendix
allowance,provisión,NOUN,B2,/əˈlaʊ.əns/,3,3185,Bad debt allowance
attributable,atribuible,ADJ,C1,/əˌtrɪb.jə.tə.bəl/,1,1100,Attributable profits
actual,real,ADJ,B1,/ˈæk.tʃu.əl/,1,3297,Actual costs
accrued,devengado,ADJ,C1,/əˈkruːd/,1,2037,Accrued expenses
allowance,provisión,NOUN,B2,/əˈlaʊ.əns/,2,3137,Bad debt allowance
asset,activo,NOUN,B2,/ˈæs.et/,4,5779,Fixed asset register
appendix,apéndice,NOUN,B2,/əˈpen.dɪks/,1,2250,Financial appendix
applicable,aplicable,ADJ,C1,/əˈplɪk.ə.bəl/,2,1410,Applicable standards
appraisal,tasación,NOUN,C1,/əˈpreɪ.zəl/,2,1669,Asset appraisal value
appraisal,tasación,NOUN,C1,/əˈpreɪ.zəl/,3,1591,Asset appraisal value
annual,anual,ADJ,B1,/ˈæn.ju.əl/,2,4510,Annual report
application,aplicación,NOUN,B2,/ˌæp.lɪˈkeɪ.ʃən/,5,3441,Accounting application
appendix,anexo,NOUN,B2,/əˈpen.dɪks/,2,2035,Appendix schedules
administrative,administrativo,ADJ,B2,/ədˌmɪn.ɪˈstreɪ.tɪv/,3,4066,Administrative expenses
approval,aprobación,NOUN,B2,/əˈpruː.vəl/,3,4056,Budget approval process
arrears,atrasos,NOUN,C1,/əˈrɪərz/,3,1032,Payments in arrears
accrual,devengo,NOUN,C1,/əˈkruː.əl/,4,2446,Accrual accounting method
approval,aprobación,NOUN,B2,/əˈpruː.vəl/,2,3976,Budget approval process
analysis,análisis,NOUN,B2,/əˈnæl.ə.sɪs/,6,4460,Financial analysis report
analysis,análisis,NOUN,B2,/əˈnæl.ə.sɪs/,6,4494,Financial analysis report
annual,anual,ADJ,B1,/ˈæn.ju.əl/,3,4307,Annual report
attributable,atribuible,ADJ,C1,/əˌtrɪb.jə.tə.bəl/,3,948,Attributable profits
assets,activos,NOUN,B2,/ˈæs.ets/,3,5296,Current assets listed
accrued,devengado,ADJ,C1,/əˈkruːd/,3,2119,Accrued expenses
allocation,asignación,NOUN,B2,/ˌæl.əˈkeɪ.ʃən/,3,2727,Cost allocation method
account,cuenta,NOUN,B1,/əˈkaʊnt/,6,4539,Current account balance
attachment,anexo,NOUN,B2,/əˈtætʃ.mənt/,3,1820,Schedule attachment
amortization,amortización,NOUN,C1,/əˌmɔːr.taɪˈzeɪ.ʃən/,3,1924,Loan amortization schedule
analysis,análisis,NOUN,B2,/əˈnæl.ə.sɪs/,5,4375,Financial analysis report
application,aplicación,NOUN,B2,/ˌæp.lɪˈkeɪ.ʃən/,4,3435,Accounting application
authorized,autorizado,ADJ,B2,/ˈɔː.θə.raɪzd/,1,2311,Authorized capital
actual,real,ADJ,B1,/ˈæk.tʃu.əl/,2,3272,Actual costs
asset,activo,NOUN,B2,/ˈæs.et/,4,5689,Fixed asset register
allowance,provisión,NOUN,B2,/əˈlaʊ.əns/,4,3020,Bad debt allowance
account,cuenta,NOUN,B1,/əˈkaʊnt/,6,4628,Current account balance
attestation,atestación,NOUN,C2,/ˌæt.esˈteɪ.ʃən/,0,820,Financial attestation
allocation,asignación,NOUN,B2,/ˌæl.əˈkeɪ.ʃən/,3,2800,Cost allocation method
average,promedio,NOUN,B1,/ˈæv.ərɪdʒ/,4,5077,Weighted average cost
aggregate,total,ADJ,C1,/ˈæɡ.rɪ.ɡət/,3,1790,Aggregate income
assessment,evaluación,NOUN,B2,/əˈses.mənt/,4,3622,Tax assessment notice
attachment,anexo,NOUN,B2,/əˈtætʃ.mənt/,3,1780,Schedule attachment
account,cuenta,NOUN,B1,/əˈkaʊnt/,5,4616,Current account balance
accrual,devengo,NOUN,C1,/əˈkruː.əl/,2,2434,Accrual accounting method
applicable,aplicable,ADJ,C1,/əˈplɪk.ə.bəl/,2,1372,Applicable standards
adjustment,ajuste,NOUN,B2,/əˈdʒʌst.mənt/,4,3169,Year-end adjustments
assets,activos,NOUN,B2,/ˈæs.ets/,4,5330,Current assets listed
account,cuenta,NOUN,B1,/əˈkaʊnt/,7,4592,Current account balance
assessment,evaluación,NOUN,B2,/əˈses.mənt/,3,3612,Tax assessment notice
accrual,devengo,NOUN,C1,/əˈkruː.əl/,2,2493,Accrual accounting method
available,disponible,ADJ,B1,/əˈveɪ.lə.bəl/,4,4544,Available funds
allocation,asignación,NOUN,B2,/ˌæl.əˈkeɪ.ʃən/,2,2920,Cost allocation method
adjustment,ajuste,NOUN,B2,/əˈdʒʌst.mənt/,4,3159,Year-end adjustments
amendment,enmienda,NOUN,C1,/əˈmend.mənt/,2,953,Accounting amendment
aggregate,total,ADJ,C1,/ˈæɡ.rɪ.ɡət/,2,1655,Aggregate income
approval,aprobación,NOUN,B2,/əˈpruː.vəl/,2,3908,Budget approval process
appendix,anexo,NOUN,B2,/əˈpen.dɪks/,2,2075,Appendix schedules
approval,aprobación,NOUN,B2,/əˈpruː.vəl/,4,3936,Budget approval process
analysis,análisis,NOUN,B2,/əˈnæl.ə.sɪs/,6,4414,Financial analysis report
attributable,atribuible,ADJ,C1,/əˌtrɪb.jə.tə.bəl/,1,1053,Attributable profits
amendment,enmienda,NOUN,C1,/əˈmend.mənt/,3,894,Accounting amendment
accounting,contabilidad,NOUN,B2,/əˈkaʊn.tɪŋ/,9,3940,Financial accounting standards
audit,auditoría,NOUN,B1,/ˈɔː.dɪt/,4,3545,External audit report
allowance,provisión,NOUN,B2,/əˈlaʊ.əns/,3,2961,Bad debt allowance
assessment,evaluación,NOUN,B2,/əˈses.mənt/,4,3783,Tax assessment notice
accrued,devengado,ADJ,C1,/əˈkruːd/,2,2059,Accrued expenses
administrative,administrativo,ADJ,B2,/ədˌmɪn.ɪˈstreɪ.tɪv/,2,4038,Administrative expenses
application,aplicación,NOUN,B2,/ˌæp.lɪˈkeɪ.ʃən/,5,3633,Accounting application
attributable,atribuible,ADJ,C1,/əˌtrɪb.jə.tə.bəl/,2,989,Attributable profits
administrative,administrativo,ADJ,B2,/ədˌmɪn.ɪˈstreɪ.tɪv/,3,3976,Administrative expenses
appraisal,tasación,NOUN,C1,/əˈpreɪ.zəl/,1,1636,Asset appraisal value
attestation,atestación,NOUN,C2,/ˌæt.esˈteɪ.ʃən/,1,660,Financial attestation
administrative,administrativo,ADJ,B2,/ədˌmɪn.ɪˈstreɪ.tɪv/,2,3864,Administrative expenses
available,disponible,ADJ,B1,/əˈveɪ.lə.bəl/,4,4625,Available funds
assessment,evaluación,NOUN,B2,/əˈses.mənt/,3,3784,Tax assessment notice
attestation,atestación,NOUN,C2,/ˌæt.esˈteɪ.ʃən/,0,645,Financial attestation
arrears,atrasos,NOUN,C1,/əˈrɪərz/,1,1122,Payments in arrears
application,aplicación,NOUN,B2,/ˌæp.lɪˈkeɪ.ʃən/,3,3572,Accounting application
assets,activos,NOUN,B2,/ˈæs.ets/,5,5325,Current assets listed
aggregate,total,ADJ,C1,/ˈæɡ.rɪ.ɡət/,3,1826,Aggregate income
applicable,aplicable,ADJ,C1,/əˈplɪk.ə.bəl/,2,1305,Applicable standards
accrual,devengo,NOUN,C1,/əˈkruː.əl/,4,2427,Accrual accounting method
authorized,autorizado,ADJ,B2,/ˈɔː.θə.raɪzd/,3,2457,Authorized capital
accounting,contabilidad,NOUN,B2,/əˈkaʊn.tɪŋ/,8,4056,Financial accounting standards
appendix,apéndice,NOUN,B2,/əˈpen.dɪks/,3,2279,Financial appendix
adjusted,ajustado,ADJ,B2,/əˈdʒʌs.tɪd/,1,2949,Adjusted trial balance
appraisal,tasación,NOUN,C1,/əˈpreɪ.zəl/,1,1567,Asset appraisal value
assets,activos,NOUN,B2,/ˈæs.ets/,4,5329,Current assets listed
average,promedio,NOUN,B1,/ˈæv.ərɪdʒ/,3,5175,Weighted average cost
accrual,devengo,NOUN,C1,/əˈkruː.əl/,3,2370,Accrual accounting method
accounting,contabilidad,NOUN,B2,/əˈkaʊn.tɪŋ/,7,3850,Financial accounting standards
arrears,atrasos,NOUN,C1,/əˈrɪərz/,3,1010,Payments in arrears
allowance,provisión,NOUN,B2,/əˈlaʊ.əns/,2,3122,Bad debt allowance
allocated,asignado,ADJ,B2,/ˈæl.ə.keɪ.tɪd/,2,2294,Allocated overheads
additional,adicional,ADJ,B1,/əˈdɪʃ.ən.əl/,3,5526,Additional charges
applicable,aplicable,ADJ,C1,/əˈplɪk.ə.bəl/,3,1413,Applicable standards
account,cuenta,NOUN,B1,/əˈkaʊnt/,5,4523,Current account balance
average,promedio,NOUN,B1,/ˈæv.ərɪdʒ/,3,5110,Weighted average cost
annuity,anualidad,NOUN,C1,/əˈnjuː.ə.ti/,1,1324,Pension annuity plan
administrative,administrativo,ADJ,B2,/ədˌmɪn.ɪˈstreɪ.tɪv/,4,3993,Administrative expenses
attributable,atribuible,ADJ,C1,/əˌtrɪb.jə.tə.bəl/,1,1106,Attributable profits
authorized,autorizado,ADJ,B2,/ˈɔː.θə.raɪzd/,1,2431,Authorized capital
attachment,anexo,NOUN,B2,/əˈtætʃ.mənt/,2,1781,Schedule attachment
applicable,aplicable,ADJ,C1,/əˈplɪk.ə.bəl/,2,1210,Applicable standards
authorized,autorizado,ADJ,B2,/ˈɔː.θə.raɪzd/,3,2416,Authorized capital
authorized,autorizado,ADJ,B2,/ˈɔː.θə.raɪzd/,1,2488,Authorized capital
appendix,anexo,NOUN,B2,/əˈpen.dɪks/,1,1830,Appendix schedules
accrued,devengado,ADJ,C1,/əˈkruːd/,1,1965,Accrued expenses
asset,activo,NOUN,B2,/ˈæs.et/,5,5792,Fixed asset register
additional,adicional,ADJ,B1,/əˈdɪʃ.ən.əl/,3,5547,Additional charges
annual,anual,ADJ,B1,/ˈæn.ju.əl/,2,4353,Annual report
analysis,análisis,NOUN,B2,/əˈnæl.ə.sɪs/,5,4406,Financial analysis report
approval,aprobación,NOUN,B2,/əˈpruː.vəl/,3,4065,Budget approval process
annuity,anualidad,NOUN,C1,/əˈnjuː.ə.ti/,1,1292,Pension annuity plan
appendix,anexo,NOUN,B2,/əˈpen.dɪks/,1,1890,Appendix schedules
arrears,atrasos,NOUN,C1,/əˈrɪərz/,2,1022,Payments in arrears
authorized,autorizado,ADJ,B2,/ˈɔː.θə.raɪzd/,1,2538,Authorized capital
administrative,administrativo,ADJ,B2,/ədˌmɪn.ɪˈstreɪ.tɪv/,3,3970,Administrative expenses
annual,anual,ADJ,B1,/ˈæn.ju.əl/,3,4341,Annual report
allocation,asignación,NOUN,B2,/ˌæl.əˈkeɪ.ʃən/,3,2931,Cost allocation method
attachment,anexo,NOUN,B2,/əˈtætʃ.mənt/,3,1648,Schedule attachment
appendix,apéndice,NOUN,B2,/əˈpen.dɪks/,1,2190,Financial appendix
appraisal,tasación,NOUN,C1,/əˈpreɪ.zəl/,2,1528,Asset appraisal value
available,disponible,ADJ,B1,/əˈveɪ.lə.bəl/,2,4586,Available funds
annual,anual,ADJ,B1,/ˈæn.ju.əl/,3,4429,Annual report
actual,real,ADJ,B1,/ˈæk.tʃu.əl/,3,3178,Actual costs
appendix,apéndice,NOUN,B2,/əˈpen.dɪks/,3,2247,Financial appendix
attributable,atribuible,ADJ,C1,/əˌtrɪb.jə.tə.bəl/,1,1044,Attributable profits
annual,anual,ADJ,B1,/ˈæn.ju.əl/,1,4452,Annual report
application,aplicación,NOUN,B2,/ˌæp.lɪˈkeɪ.ʃən/,3,3572,Accounting application
assets,activos,NOUN,B2,/ˈæs.ets/,3,5274,Current assets listed
actual,real,ADJ,B1,/ˈæk.tʃu.əl/,3,3361,Actual costs
accounting,contabilidad,NOUN,B2,/əˈkaʊn.tɪŋ/,9,3931,Financial accounting standards
audit,auditoría,NOUN,B1,/ˈɔː.dɪt/,5,3424,External audit report
accrued,devengado,ADJ,C1,/əˈkruːd/,2,1975,Accrued expenses
audit,auditoría,NOUN,B1,/ˈɔː.dɪt/,4,3531,External audit report
administrative,administrativo,ADJ,B2,/ədˌmɪn.ɪˈstreɪ.tɪv/,4,4020,Administrative expenses
assessment,evaluación,NOUN,B2,/əˈses.mənt/,5,3776,Tax assessment notice
amortization,amortización,NOUN,C1,/əˌmɔːr.taɪˈzeɪ.ʃən/,3,1966,Loan amortization schedule
assessment,evaluación,NOUN,B2,/əˈses.mənt/,4,3845,Tax assessment notice
arrears,atrasos,NOUN,C1,/əˈrɪərz/,2,1156,Payments in arrears
appraisal,tasación,NOUN,C1,/əˈpreɪ.zəl/,3,1618,Asset appraisal value
appraisal,tasación,NOUN,C1,/əˈpreɪ.zəl/,3,1550,Asset appraisal value
annuity,anualidad,NOUN,C1,/əˈnjuː.ə.ti/,3,1331,Pension annuity plan
application,aplicación,NOUN,B2,/ˌæp.lɪˈkeɪ.ʃən/,4,3625,Accounting application
additional,adicional,ADJ,B1,/əˈdɪʃ.ən.əl/,3,5581,Additional charges
asset,activo,NOUN,B2,/ˈæs.et/,5,5688,Fixed asset register
applicable,aplicable,ADJ,C1,/əˈplɪk.ə.bəl/,1,1310,Applicable standards
aggregate,total,ADJ,C1,/ˈæɡ.rɪ.ɡət/,1,1708,Aggregate income
additional,adicional,ADJ,B1,/əˈdɪʃ.ən.əl/,2,5548,Additional charges
amortization,amortización,NOUN,C1,/əˌmɔːr.taɪˈzeɪ.ʃən/,3,1826,Loan amortization schedule
attachment,anexo,NOUN,B2,/əˈtætʃ.mənt/,3,1734,Schedule attachment
allocated,asignado,ADJ,B2,/ˈæl.ə.keɪ.tɪd/,1,2263,Allocated overheads
allocated,asignado,ADJ,B2,/ˈæl.ə.keɪ.tɪd/,2,2150,Allocated overheads
amendment,enmienda,NOUN,C1,/əˈmend.mənt/,1,1015,Accounting amendment
arrears,atrasos,NOUN,C1,/əˈrɪərz/,1,1185,Payments in arrears
adjusted,ajustado,ADJ,B2,/əˈdʒʌs.tɪd/,1,2905,Adjusted trial balance
analysis,análisis,NOUN,B2,/əˈnæl.ə.sɪs/,4,4383,Financial analysis report
adjustment,ajuste,NOUN,B2,/əˈdʒʌst.mənt/,5,3089,Year-end adjustments
available,disponible,ADJ,B1,/əˈveɪ.lə.bəl/,4,4572,Available funds
asset,activo,NOUN,B2,/ˈæs.et/,3,5788,Fixed asset register
accrual,devengo,NOUN,C1,/əˈkruː.əl/,3,2460,Accrual accounting method
appendix,apéndice,NOUN,B2,/əˈpen.dɪks/,2,2175,Financial appendix
asset,activo,NOUN,B2,/ˈæs.et/,4,5761,Fixed asset register
attestation,atestación,NOUN,C2,/ˌæt.esˈteɪ.ʃən/,1,661,Financial attestation
appraisal,tasación,NOUN,C1,/əˈpreɪ.zəl/,1,1536,Asset appraisal value
adjusted,ajustado,ADJ,B2,/əˈdʒʌs.tɪd/,3,2887,Adjusted trial balance
account,cuenta,NOUN,B1,/əˈkaʊnt/,6,4676,Current account balance
applicable,aplicable,ADJ,C1,/əˈplɪk.ə.bəl/,1,1356,Applicable standards
aggregate,total,ADJ,C1,/ˈæɡ.rɪ.ɡət/,2,1664,Aggregate income
audit,auditoría,NOUN,B1,/ˈɔː.dɪt/,5,3452,External audit report
attachment,anexo,NOUN,B2,/əˈtætʃ.mənt/,1,1752,Schedule attachment
asset,activo,NOUN,B2,/ˈæs.et/,5,5707,Fixed asset register
amendment,enmienda,NOUN,C1,/əˈmend.mənt/,3,943,Accounting amendment
asset,activo,NOUN,B2,/ˈæs.et/,3,5840,Fixed asset register
analysis,análisis,NOUN,B2,/əˈnæl.ə.sɪs/,6,4473,Financial analysis report
appendix,apéndice,NOUN,B2,/əˈpen.dɪks/,1,2287,Financial appendix
average,promedio,NOUN,B1,/ˈæv.ərɪdʒ/,2,5100,Weighted average cost
accounting,contabilidad,NOUN,B2,/əˈkaʊn.tɪŋ/,7,4068,Financial accounting standards
application,aplicación,NOUN,B2,/ˌæp.lɪˈkeɪ.ʃən/,5,3552,Accounting application
appendix,anexo,NOUN,B2,/əˈpen.dɪks/,1,1845,Appendix schedules
attestation,atestación,NOUN,C2,/ˌæt.esˈteɪ.ʃən/,1,788,Financial attestation
aggregate,total,ADJ,C1,/ˈæɡ.rɪ.ɡət/,3,1749,Aggregate income
attestation,atestación,NOUN,C2,/ˌæt.esˈteɪ.ʃən/,2,650,Financial attestation
adjustment,ajuste,NOUN,B2,/əˈdʒʌst.mənt/,5,3169,Year-end adjustments
arrears,atrasos,NOUN,C1,/əˈrɪərz/,3,985,Payments in arrears
administrative,administrativo,ADJ,B2,/ədˌmɪn.ɪˈstreɪ.tɪv/,3,3839,Administrative expenses
approval,aprobación,NOUN,B2,/əˈpruː.vəl/,4,3968,Budget approval process
assessment,evaluación,NOUN,B2,/əˈses.mənt/,5,3762,Tax assessment notice
audit,auditoría,NOUN,B1,/ˈɔː.dɪt/,4,3406,External audit report
amortization,amortización,NOUN,C1,/əˌmɔːr.taɪˈzeɪ.ʃən/,3,1942,Loan amortization schedule
amortization,amortización,NOUN,C1,/əˌmɔːr.taɪˈzeɪ.ʃən/,2,1879,Loan amortization schedule
available,disponible,ADJ,B1,/əˈveɪ.lə.bəl/,3,4634,Available funds
assets,activos,NOUN,B2,/ˈæs.ets/,4,5186,Current assets listed
application,aplicación,NOUN,B2,/ˌæp.lɪˈkeɪ.ʃən/,4,3549,Accounting application
allocated,asignado,ADJ,B2,/ˈæl.ə.keɪ.tɪd/,3,2273,Allocated overheads
amendment,enmienda,NOUN,C1,/əˈmend.mənt/,3,1010,Accounting amendment
attestation,atestación,NOUN,C2,/ˌæt.esˈteɪ.ʃən/,1,806,Financial attestation
applicable,aplicable,ADJ,C1,/əˈplɪk.ə.bəl/,2,1195,Applicable standards
additional,adicional,ADJ,B1,/əˈdɪʃ.ən.əl/,3,5455,Additional charges
accrued,devengado,ADJ,C1,/əˈkruːd/,2,2160,Accrued expenses
actual,real,ADJ,B1,/ˈæk.tʃu.əl/,1,3175,Actual costs
arrears,atrasos,NOUN,C1,/əˈrɪərz/,2,1136,Payments in arrears
audit,auditoría,NOUN,B1,/ˈɔː.dɪt/,5,3507,External audit report
allocation,asignación,NOUN,B2,/ˌæl.əˈkeɪ.ʃən/,2,2918,Cost allocation method
aggregate,total,ADJ,C1,/ˈæɡ.rɪ.ɡət/,1,1755,Aggregate income
adjustment,ajuste,NOUN,B2,/əˈdʒʌst.mənt/,5,3092,Year-end adjustments
average,promedio,NOUN,B1,/ˈæv.ərɪdʒ/,4,5053,Weighted average cost
actual,real,ADJ,B1,/ˈæk.tʃu.əl/,1,3167,Actual costs
appendix,anexo,NOUN,B2,/əˈpen.dɪks/,1,1947,Appendix schedules
authorized,autorizado,ADJ,B2,/ˈɔː.θə.raɪzd/,3,2386,Authorized capital
available,disponible,ADJ,B1,/əˈveɪ.lə.bəl/,3,4680,Available funds
accounting,contabilidad,NOUN,B2,/əˈkaʊn.tɪŋ/,7,3931,Financial accounting standards
accrual,devengo,NOUN,C1,/əˈkruː.əl/,4,2430,Accrual accounting method
additional,adicional,ADJ,B1,/əˈdɪʃ.ən.əl/,2,5567,Additional charges
analysis,análisis,NOUN,B2,/əˈnæl.ə.sɪs/,4,4330,Financial analysis report
appendix,apéndice,NOUN,B2,/əˈpen.dɪks/,2,2236,Financial appendix
approval,aprobación,NOUN,B2,/əˈpruː.vəl/,4,3853,Budget approval process
audit,auditoría,NOUN,B1,/ˈɔː.dɪt/,4,3625,External audit report
adjustment,ajuste,NOUN,B2,/əˈdʒʌst.mənt/,4,3037,Year-end adjustments
accounting,contabilidad,NOUN,B2,/əˈkaʊn.tɪŋ/,7,3882,Financial accounting standards
authorized,autorizado,ADJ,B2,/ˈɔː.θə.raɪzd/,2,2522,Authorized capital
application,aplicación,NOUN,B2,/ˌæp.lɪˈkeɪ.ʃən/,5,3597,Accounting application
applicable,aplicable,ADJ,C1,/əˈplɪk.ə.bəl/,3,1338,Applicable standards
appendix,apéndice,NOUN,B2,/əˈpen.dɪks/,1,2304,Financial appendix
appendix,apéndice,NOUN,B2,/əˈpen.dɪks/,2,2249,Financial appendix
approval,aprobación,NOUN,B2,/əˈpruː.vəl/,2,3970,Budget approval process
actual,real,ADJ,B1,/ˈæk.tʃu.əl/,1,3360,Actual costs
adjustment,ajuste,NOUN,B2,/əˈdʒʌst.mənt/,4,3097,Year-end adjustments
allowance,provisión,NOUN,B2,/əˈlaʊ.əns/,3,3181,Bad debt allowance
accrued,devengado,ADJ,C1,/əˈkruːd/,2,2148,Accrued expenses
adjusted,ajustado,ADJ,B2,/əˈdʒʌs.tɪd/,3,2919,Adjusted trial balance
arrears,atrasos,NOUN,C1,/əˈrɪərz/,1,1156,Payments in arrears
applicable,aplicable,ADJ,C1,/əˈplɪk.ə.bəl/,1,1423,Applicable standards
asset,activo,NOUN,B2,/ˈæs.et/,5,5784,Fixed asset register
average,promedio,NOUN,B1,/ˈæv.ərɪdʒ/,3,5077,Weighted average cost
accrued,devengado,ADJ,C1,/əˈkruːd/,3,1982,Accrued expenses
allowance,provisión,NOUN,B2,/əˈlaʊ.əns/,4,2971,Bad debt allowance
adjustment,ajuste,NOUN,B2,/əˈdʒʌst.mənt/,5,3070,Year-end adjustments
assets,activos,NOUN,B2,/ˈæs.ets/,3,5265,Current assets listed
analysis,análisis,NOUN,B2,/əˈnæl.ə.sɪs/,6,4385,Financial analysis report
adjustment,ajuste,NOUN,B2,/əˈdʒʌst.mənt/,3,3133,Year-end adjustments
attachment,anexo,NOUN,B2,/əˈtætʃ.mənt/,1,1650,Schedule attachment
approval,aprobación,NOUN,B2,/əˈpruː.vəl/,2,3978,Budget approval process
applicable,aplicable,ADJ,C1,/əˈplɪk.ə.bəl/,2,1377,Applicable standards
adjusted,ajustado,ADJ,B2,/əˈdʒʌs.tɪd/,1,2724,Adjusted trial balance
asset,activo,NOUN,B2,/ˈæs.et/,3,5683,Fixed asset register
allocated,asignado,ADJ,B2,/ˈæl.ə.keɪ.tɪd/,2,2088,Allocated overheads
annuity,anualidad,NOUN,C1,/əˈnjuː.ə.ti/,1,1425,Pension annuity plan
administrative,administrativo,ADJ,B2,/ədˌmɪn.ɪˈstreɪ.tɪv/,4,3934,Administrative expenses
annual,anual,ADJ,B1,/ˈæn.ju.əl/,3,4275,Annual report
approval,aprobación,NOUN,B2,/əˈpruː.vəl/,2,3944,Budget approval process
appendix,apéndice,NOUN,B2,/əˈpen.dɪks/,2,2306,Financial appendix
allocation,asignación,NOUN,B2,/ˌæl.əˈkeɪ.ʃən/,4,2747,Cost allocation method
administrative,administrativo,ADJ,B2,/ədˌmɪn.ɪˈstreɪ.tɪv/,3,3943,Administrative expenses
accounting,contabilidad,NOUN,B2,/əˈkaʊn.tɪŋ/,8,3906,Financial accounting standards
amortization,amortización,NOUN,C1,/əˌmɔːr.taɪˈzeɪ.ʃən/,3,1971,Loan amortization schedule
annual,anual,ADJ,B1,/ˈæn.ju.əl/,2,4494,Annual report
attachment,anexo,NOUN,B2,/əˈtætʃ.mənt/,3,1842,Schedule attachment
audit,auditoría,NOUN,B1,/ˈɔː.dɪt/,5,3582,External audit report
appendix,anexo,NOUN,B2,/əˈpen.dɪks/,3,1836,Appendix schedules
annuity,anualidad,NOUN,C1,/əˈnjuː.ə.ti/,1,1268,Pension annuity plan
attributable,atribuible,ADJ,C1,/əˌtrɪb.jə.tə.bəl/,3,962,Attributable profits
accounting,contabilidad,NOUN,B2,/əˈkaʊn.tɪŋ/,9,3904,Financial accounting standards
attestation,atestación,NOUN,C2,/ˌæt.esˈteɪ.ʃən/,2,820,Financial attestation
attributable,atribuible,ADJ,C1,/əˌtrɪb.jə.tə.bəl/,3,1022,Attributable profits
appraisal,tasación,NOUN,C1,/əˈpreɪ.zəl/,2,1551,Asset appraisal value
actual,real,ADJ,B1,/ˈæk.tʃu.əl/,1,3186,Actual costs
available,disponible,ADJ,B1,/əˈveɪ.lə.bəl/,4,4693,Available funds
authorized,autorizado,ADJ,B2,/ˈɔː.θə.raɪzd/,2,2499,Authorized capital
attributable,atribuible,ADJ,C1,/əˌtrɪb.jə.tə.bəl/,1,1097,Attributable profits
assets,activos,NOUN,B2,/ˈæs.ets/,3,5281,Current assets listed
allocation,asignación,NOUN,B2,/ˌæl.əˈkeɪ.ʃən/,2,2819,Cost allocation method
accrued,devengado,ADJ,C1,/əˈkruːd/,1,2035,Accrued expenses
administrative,administrativo,ADJ,B2,/ədˌmɪn.ɪˈstreɪ.tɪv/,4,3954,Administrative expenses
average,promedio,NOUN,B1,/ˈæv.ərɪdʒ/,4,5085,Weighted average cost
accrual,devengo,NOUN,C1,/əˈkruː.əl/,3,2534,Accrual accounting method
adjustment,ajuste,NOUN,B2,/əˈdʒʌst.mənt/,4,2991,Year-end adjustments
analysis,análisis,NOUN,B2,/əˈnæl.ə.sɪs/,5,4276,Financial analysis report
audit,auditoría,NOUN,B1,/ˈɔː.dɪt/,4,3625,External audit report
analysis,análisis,NOUN,B2,/əˈnæl.ə.sɪs/,4,4479,Financial analysis report
amortization,amortización,NOUN,C1,/əˌmɔːr.taɪˈzeɪ.ʃən/,3,2022,Loan amortization schedule
annual,anual,ADJ,B1,/ˈæn.ju.əl/,1,4365,Annual report
attachment,anexo,NOUN,B2,/əˈtætʃ.mənt/,1,1736,Schedule attachment
allocation,asignación,NOUN,B2,/ˌæl.əˈkeɪ.ʃən/,2,2816,Cost allocation method
accrued,devengado,ADJ,C1,/əˈkruːd/,2,1939,Accrued expenses
annuity,anualidad,NOUN,C1,/əˈnjuː.ə.ti/,2,1364,Pension annuity plan
authorized,autorizado,ADJ,B2,/ˈɔː.θə.raɪzd/,3,2317,Authorized capital
actual,real,ADJ,B1,/ˈæk.tʃu.əl/,1,3388,Actual costs
accrual,devengo,NOUN,C1,/əˈkruː.əl/,2,2347,Accrual accounting method
annual,anual,ADJ,B1,/ˈæn.ju.əl/,3,4435,Annual report
available,disponible,ADJ,B1,/əˈveɪ.lə.bəl/,2,4718,Available funds
attestation,atestación,NOUN,C2,/ˌæt.esˈteɪ.ʃən/,0,805,Financial attestation
available,disponible,ADJ,B1,/əˈveɪ.lə.bəl/,3,4599,Available funds
arrears,atrasos,NOUN,C1,/əˈrɪərz/,3,1081,Payments in arrears
amendment,enmienda,NOUN,C1,/əˈmend.mənt/,3,910,Accounting amendment
applicable,aplicable,ADJ,C1,/əˈplɪk.ə.bəl/,3,1261,Applicable standards
average,promedio,NOUN,B1,/ˈæv.ərɪdʒ/,4,5137,Weighted average cost
audit,auditoría,NOUN,B1,/ˈɔː.dɪt/,5,3515,External audit report
asset,activo,NOUN,B2,/ˈæs.et/,4,5628,Fixed asset register
available,disponible,ADJ,B1,/əˈveɪ.lə.bəl/,2,4567,Available funds
additional,adicional,ADJ,B1,/əˈdɪʃ.ən.əl/,1,5554,Additional charges
amortization,amortización,NOUN,C1,/əˌmɔːr.taɪˈzeɪ.ʃən/,1,2030,Loan amortization schedule
attestation,atestación,NOUN,C2,/ˌæt.esˈteɪ.ʃən/,0,607,Financial attestation
accrual,devengo,NOUN,C1,/əˈkruː.əl/,3,2484,Accrual accounting method
authorized,autorizado,ADJ,B2,/ˈɔː.θə.raɪzd/,3,2487,Authorized capital
adjusted,ajustado,ADJ,B2,/əˈdʒʌs.tɪd/,2,2827,Adjusted trial balance
aggregate,total,ADJ,C1,/ˈæɡ.rɪ.ɡət/,1,1835,Aggregate income
appendix,anexo,NOUN,B2,/əˈpen.dɪks/,2,1857,Appendix schedules
appraisal,tasación,NOUN,C1,/əˈpreɪ.zəl/,3,1526,Asset appraisal value
annual,anual,ADJ,B1,/ˈæn.ju.əl/,3,4362,Annual report
allowance,provisión,NOUN,B2,/əˈlaʊ.əns/,3,3031,Bad debt allowance
asset,activo,NOUN,B2,/ˈæs.et/,4,5699,Fixed asset register
amendment,enmienda,NOUN,C1,/əˈmend.mənt/,2,864,Accounting amendment
appendix,anexo,NOUN,B2,/əˈpen.dɪks/,1,1979,Appendix schedules
assessment,evaluación,NOUN,B2,/əˈses.mənt/,4,3853,Tax assessment notice
attachment,anexo,NOUN,B2,/əˈtætʃ.mənt/,2,1765,Schedule attachment
attachment,anexo,NOUN,B2,/əˈtætʃ.mənt/,2,1785,Schedule attachment
assets,activos,NOUN,B2,/ˈæs.ets/,5,5301,Current assets listed
account,cuenta,NOUN,B1,/əˈkaʊnt/,7,4519,Current account balance
aggregate,total,ADJ,C1,/ˈæɡ.rɪ.ɡət/,1,1726,Aggregate income
allowance,provisión,NOUN,B2,/əˈlaʊ.əns/,2,2986,Bad debt allowance
accrual,devengo,NOUN,C1,/əˈkruː.əl/,4,2306,Accrual accounting method
account,cuenta,NOUN,B1,/əˈkaʊnt/,7,4709,Current account balance
appendix,apéndice,NOUN,B2,/əˈpen.dɪks/,3,2112,Financial appendix
assessment,evaluación,NOUN,B2,/əˈses.mənt/,4,3839,Tax assessment notice
additional,adicional,ADJ,B1,/əˈdɪʃ.ən.əl/,2,5514,Additional charges
annuity,anualidad,NOUN,C1,/əˈnjuː.ə.ti/,3,1405,Pension annuity plan
allowance,provisión,NOUN,B2,/əˈlaʊ.əns/,3,3158,Bad debt allowance
assessment,evaluación,NOUN,B2,/əˈses.mənt/,4,3660,Tax assessment notice
accounting,contabilidad,NOUN,B2,/əˈkaʊn.tɪŋ/,7,3986,Financial accounting standards
average,promedio,NOUN,B1,/ˈæv.ərɪdʒ/,4,5048,Weighted average cost
asset,activo,NOUN,B2,/ˈæs.et/,5,5674,Fixed asset register
adjustment,ajuste,NOUN,B2,/əˈdʒʌst.mənt/,4,3087,Year-end adjustments
amortization,amortización,NOUN,C1,/əˌmɔːr.taɪˈzeɪ.ʃən/,3,2032,Loan amortization schedule
accrued,devengado,ADJ,C1,/əˈkruːd/,1,2165,Accrued expenses
annual,anual,ADJ,B1,/ˈæn.ju.əl/,1,4355,Annual report
accrual,devengo,NOUN,C1,/əˈkruː.əl/,2,2436,Accrual accounting method
allocation,asignación,NOUN,B2,/ˌæl.əˈkeɪ.ʃən/,4,2780,Cost allocation method
appraisal,tasación,NOUN,C1,/əˈpreɪ.zəl/,3,1567,Asset appraisal value
average,promedio,NOUN,B1,/ˈæv.ərɪdʒ/,4,5115,Weighted average cost
audit,auditoría,NOUN,B1,/ˈɔː.dɪt/,6,3508,External audit report
assessment,evaluación,NOUN,B2,/əˈses.mənt/,5,3769,Tax assessment notice
appendix,apéndice,NOUN,B2,/əˈpen.dɪks/,1,2250,Financial appendix
allowance,provisión,NOUN,B2,/əˈlaʊ.əns/,3,3162,Bad debt allowance
annuity,anualidad,NOUN,C1,/əˈnjuː.ə.ti/,1,1221,Pension annuity plan
allocated,asignado,ADJ,B2,/ˈæl.ə.keɪ.tɪd/,3,2108,Allocated overheads
asset,activo,NOUN,B2,/ˈæs.et/,3,5725,Fixed asset register
actual,real,ADJ,B1,/ˈæk.tʃu.əl/,3,3241,Actual costs
annual,anual,ADJ,B1,/ˈæn.ju.əl/,3,4300,Annual report
aggregate,total,ADJ,C1,/ˈæɡ.rɪ.ɡət/,1,1682,Aggregate income
assets,activos,NOUN,B2,/ˈæs.ets/,5,5274,Current assets listed
amortization,amortización,NOUN,C1,/əˌmɔːr.taɪˈzeɪ.ʃən/,2,2004,Loan amortization schedule
adjusted,ajustado,ADJ,B2,/əˈdʒʌs.tɪd/,3,2905,Adjusted trial balance
assets,activos,NOUN,B2,/ˈæs.ets/,4,5409,Current assets listed
appendix,anexo,NOUN,B2,/əˈpen.dɪks/,2,1877,Appendix schedules
available,disponible,ADJ,B1,/əˈveɪ.lə.bəl/,4,4765,Available funds
assets,activos,NOUN,B2,/ˈæs.ets/,3,5349,Current assets listed
additional,adicional,ADJ,B1,/əˈdɪʃ.ən.əl/,2,5606,Additional charges
amendment,enmienda,NOUN,C1,/əˈmend.mənt/,1,1041,Accounting amendment
administrative,administrativo,ADJ,B2,/ədˌmɪn.ɪˈstreɪ.tɪv/,3,3904,Administrative expenses
additional,adicional,ADJ,B1,/əˈdɪʃ.ən.əl/,3,5411,Additional charges
attributable,atribuible,ADJ,C1,/əˌtrɪb.jə.tə.bəl/,3,1183,Attributable profits
amendment,enmienda,NOUN,C1,/əˈmend.mənt/,2,931,Accounting amendment
aggregate,total,ADJ,C1,/ˈæɡ.rɪ.ɡət/,3,1654,Aggregate income
allocation,asignación,NOUN,B2,/ˌæl.əˈkeɪ.ʃən/,3,2795,Cost allocation method
available,disponible,ADJ,B1,/əˈveɪ.lə.bəl/,4,4649,Available funds
adjustment,ajuste,NOUN,B2,/əˈdʒʌst.mənt/,3,2965,Year-end adjustments
administrative,administrativo,ADJ,B2,/ədˌmɪn.ɪˈstreɪ.tɪv/,4,3957,Administrative expenses
applicable,aplicable,ADJ,C1,/əˈplɪk.ə.bəl/,1,1321,Applicable standards
administrative,administrativo,ADJ,B2,/ədˌmɪn.ɪˈstreɪ.tɪv/,4,4009,Administrative expenses
allowance,provisión,NOUN,B2,/əˈlaʊ.əns/,2,3081,Bad debt allowance
accrued,devengado,ADJ,C1,/əˈkruːd/,3,2010,Accrued expenses
average,promedio,NOUN,B1,/ˈæv.ərɪdʒ/,2,4953,Weighted average cost
allocation,asignación,NOUN,B2,/ˌæl.əˈkeɪ.ʃən/,3,2798,Cost allocation method
assessment,evaluación,NOUN,B2,/əˈses.mənt/,4,3819,Tax assessment notice
account,cuenta,NOUN,B1,/əˈkaʊnt/,5,4585,Current account balance
allocated,asignado,ADJ,B2,/ˈæl.ə.keɪ.tɪd/,3,2092,Allocated overheads
attributable,atribuible,ADJ,C1,/əˌtrɪb.jə.tə.bəl/,1,942,Attributable profits
average,promedio,NOUN,B1,/ˈæv.ərɪdʒ/,4,4989,Weighted average cost
annuity,anualidad,NOUN,C1,/əˈnjuː.ə.ti/,2,1377,Pension annuity plan
amortization,amortización,NOUN,C1,/əˌmɔːr.taɪˈzeɪ.ʃən/,3,2030,Loan amortization schedule
allocated,asignado,ADJ,B2,/ˈæl.ə.keɪ.tɪd/,2,2184,Allocated overheads
allocated,asignado,ADJ,B2,/ˈæl.ə.keɪ.tɪd/,3,2293,Allocated overheads
amortization,amortización,NOUN,C1,/əˌmɔːr.taɪˈzeɪ.ʃən/,3,1868,Loan amortization schedule
adjustment,ajuste,NOUN,B2,/əˈdʒʌst.mənt/,5,3176,Year-end adjustments
actual,real,ADJ,B1,/ˈæk.tʃu.əl/,1,3362,Actual costs
application,aplicación,NOUN,B2,/ˌæp.lɪˈkeɪ.ʃən/,3,3520,Accounting application
actual,real,ADJ,B1,/ˈæk.tʃu.əl/,2,3270,Actual costs
application,aplicación,NOUN,B2,/ˌæp.lɪˈkeɪ.ʃən/,4,3654,Accounting application
available,disponible,ADJ,B1,/əˈveɪ.lə.bəl/,2,4667,Available funds
adjusted,ajustado,ADJ,B2,/əˈdʒʌs.tɪd/,2,2897,Adjusted trial balance
appendix,anexo,NOUN,B2,/əˈpen.dɪks/,1,1905,Appendix schedules
accrual,devengo,NOUN,C1,/əˈkruː.əl/,4,2389,Accrual accounting method
amendment,enmienda,NOUN,C1,/əˈmend.mənt/,2,1028,Accounting amendment
adjusted,ajustado,ADJ,B2,/əˈdʒʌs.tɪd/,2,2832,Adjusted trial balance
adjustment,ajuste,NOUN,B2,/əˈdʒʌst.mənt/,3,3080,Year-end adjustments
adjusted,ajustado,ADJ,B2,/əˈdʒʌs.tɪd/,2,2722,Adjusted trial balance
administrative,administrativo,ADJ,B2,/ədˌmɪn.ɪˈstreɪ.tɪv/,3,3957,Administrative expenses
accrued,devengado,ADJ,C1,/əˈkruːd/,3,2040,Accrued expenses
account,cuenta,NOUN,B1,/əˈkaʊnt/,6,4648,Current account balance
actual,real,ADJ,B1,/ˈæk.tʃu.əl/,3,3343,Actual costs
adjusted,ajustado,ADJ,B2,/əˈdʒʌs.tɪd/,1,2739,Adjusted trial balance
authorized,autorizado,ADJ,B2,/ˈɔː.θə.raɪzd/,2,2489,Authorized capital
allocation,asignación,NOUN,B2,/ˌæl.əˈkeɪ.ʃən/,4,2810,Cost allocation method
analysis,análisis,NOUN,B2,/əˈnæl.ə.sɪs/,4,4465,Financial analysis report
annuity,anualidad,NOUN,C1,/əˈnjuː.ə.ti/,2,1338,Pension annuity plan
amendment,enmienda,NOUN,C1,/əˈmend.mənt/,1,918,Accounting amendment
allocated,asignado,ADJ,B2,/ˈæl.ə.keɪ.tɪd/,2,2218,Allocated overheads
average,promedio,NOUN,B1,/ˈæv.ərɪdʒ/,2,5114,Weighted average cost
account,cuenta,NOUN,B1,/əˈkaʊnt/,5,4577,Current account balance
approval,aprobación,NOUN,B2,/əˈpruː.vəl/,4,3947,Budget approval process
audit,auditoría,NOUN,B1,/ˈɔː.dɪt/,4,3456,External audit report
accounting,contabilidad,NOUN,B2,/əˈkaʊn.tɪŋ/,8,3988,Financial accounting standards
arrears,atrasos,NOUN,C1,/əˈrɪərz/,2,957,Payments in arrears
attributable,atribuible,ADJ,C1,/əˌtrɪb.jə.tə.bəl/,3,941,Attributable profits
average,promedio,NOUN,B1,/ˈæv.ərɪdʒ/,3,5146,Weighted average cost
application,aplicación,NOUN,B2,/ˌæp.lɪˈkeɪ.ʃən/,4,3497,Accounting application
arrears,atrasos,NOUN,C1,/əˈrɪərz/,2,1106,Payments in arrears
allowance,provisión,NOUN,B2,/əˈlaʊ.əns/,2,2997,Bad debt allowance
application,aplicación,NOUN,B2,/ˌæp.lɪˈkeɪ.ʃən/,3,3427,Accounting application
arrears,atrasos,NOUN,C1,/əˈrɪərz/,2,1085,Payments in arrears
approval,aprobación,NOUN,B2,/əˈpruː.vəl/,4,3895,Budget approval process
analysis,análisis,NOUN,B2,/əˈnæl.ə.sɪs/,4,4271,Financial analysis report
allocation,asignación,NOUN,B2,/ˌæl.əˈkeɪ.ʃən/,4,2847,Cost allocation method
annuity,anualidad,NOUN,C1,/əˈnjuː.ə.ti/,2,1416,Pension annuity plan
authorized,autorizado,ADJ,B2,/ˈɔː.θə.raɪzd/,2,2306,Authorized capital
actual,real,ADJ,B1,/ˈæk.tʃu.əl/,1,3249,Actual costs
arrears,atrasos,NOUN,C1,/əˈrɪərz/,2,982,Payments in arrears
appendix,apéndice,NOUN,B2,/əˈpen.dɪks/,1,2092,Financial appendix
allowance,provisión,NOUN,B2,/əˈlaʊ.əns/,3,3113,Bad debt allowance
attachment,anexo,NOUN,B2,/əˈtætʃ.mənt/,2,1681,Schedule attachment
annual,anual,ADJ,B1,/ˈæn.ju.əl/,1,4488,Annual report
attestation,atestación,NOUN,C2,/ˌæt.esˈteɪ.ʃən/,0,648,Financial attestation
account,cuenta,NOUN,B1,/əˈkaʊnt/,5,4671,Current account balance
approval,aprobación,NOUN,B2,/əˈpruː.vəl/,3,3898,Budget approval process
accrual,devengo,NOUN,C1,/əˈkruː.əl/,3,2320,Accrual accounting method
aggregate,total,ADJ,C1,/ˈæɡ.rɪ.ɡət/,3,1852,Aggregate income
adjusted,ajustado,ADJ,B2,/əˈdʒʌs.tɪd/,1,2761,Adjusted trial balance
attestation,atestación,NOUN,C2,/ˌæt.esˈteɪ.ʃən/,1,724,Financial attestation
allocated,asignado,ADJ,B2,/ˈæl.ə.keɪ.tɪd/,2,2272,Allocated overheads
allocated,asignado,ADJ,B2,/ˈæl.ə.keɪ.tɪd/,1,2297,Allocated overheads
adjusted,ajustado,ADJ,B2,/əˈdʒʌs.tɪd/,3,2770,Adjusted trial balance
approval,aprobación,NOUN,B2,/əˈpruː.vəl/,2,3919,Budget approval process
audit,auditoría,NOUN,B1,/ˈɔː.dɪt/,6,3512,External audit report
applicable,aplicable,ADJ,C1,/əˈplɪk.ə.bəl/,2,1246,Applicable standards
attachment,anexo,NOUN,B2,/əˈtætʃ.mənt/,3,1651,Schedule attachment
attestation,atestación,NOUN,C2,/ˌæt.esˈteɪ.ʃən/,1,664,Financial attestation
amendment,enmienda,NOUN,C1,/əˈmend.mənt/,1,906,Accounting amendment
additional,adicional,ADJ,B1,/əˈdɪʃ.ən.əl/,1,5407,Additional charges
application,aplicación,NOUN,B2,/ˌæp.lɪˈkeɪ.ʃən/,3,3441,Accounting application
additional,adicional,ADJ,B1,/əˈdɪʃ.ən.əl/,3,5382,Additional charges
average,promedio,NOUN,B1,/ˈæv.ərɪdʒ/,3,4944,Weighted average cost
appendix,anexo,NOUN,B2,/əˈpen.dɪks/,1,1938,Appendix schedules
allocation,asignación,NOUN,B2,/ˌæl.əˈkeɪ.ʃən/,2,2813,Cost allocation method
assets,activos,NOUN,B2,/ˈæs.ets/,4,5363,Current assets listed
attributable,atribuible,ADJ,C1,/əˌtrɪb.jə.tə.bəl/,1,1143,Attributable profits
allocated,asignado,ADJ,B2,/ˈæl.ə.keɪ.tɪd/,2,2105,Allocated overheads
accrued,devengado,ADJ,C1,/əˈkruːd/,2,2063,Accrued expenses
attachment,anexo,NOUN,B2,/əˈtætʃ.mənt/,2,1659,Schedule attachment
attestation,atestación,NOUN,C2,/ˌæt.esˈteɪ.ʃən/,1,817,Financial attestation
allocated,asignado,ADJ,B2,/ˈæl.ə.keɪ.tɪd/,2,2072,Allocated overheads
additional,adicional,ADJ,B1,/əˈdɪʃ.ən.əl/,3,5599,Additional charges
analysis,análisis,NOUN,B2,/əˈnæl.ə.sɪs/,4,4298,Financial analysis report
authorized,autorizado,ADJ,B2,/ˈɔː.θə.raɪzd/,3,2509,Authorized capital
applicable,aplicable,ADJ,C1,/əˈplɪk.ə.bəl/,1,1261,Applicable standards
audit,auditoría,NOUN,B1,/ˈɔː.dɪt/,6,3621,External audit report
attributable,atribuible,ADJ,C1,/əˌtrɪb.jə.tə.bəl/,2,1066,Attributable profits
annual,anual,ADJ,B1,/ˈæn.ju.əl/,1,4379,Annual report
accrued,devengado,ADJ,C1,/əˈkruːd/,1,2090,Accrued expenses
annuity,anualidad,NOUN,C1,/əˈnjuː.ə.ti/,3,1197,Pension annuity plan
account,cuenta,NOUN,B1,/əˈkaʊnt/,7,4703,Current account balance
attestation,atestación,NOUN,C2,/ˌæt.esˈteɪ.ʃən/,0,659,Financial attestation
aggregate,total,ADJ,C1,/ˈæɡ.rɪ.ɡət/,3,1718,Aggregate income
accounting,contabilidad,NOUN,B2,/əˈkaʊn.tɪŋ/,9,3848,Financial accounting standards
aggregate,total,ADJ,C1,/ˈæɡ.rɪ.ɡət/,3,1606,Aggregate income
assets,activos,NOUN,B2,/ˈæs.ets/,4,5294,Current assets listed
aggregate,total,ADJ,C1,/ˈæɡ.rɪ.ɡət/,2,1754,Aggregate income
appraisal,tasación,NOUN,C1,/əˈpreɪ.zəl/,3,1730,Asset appraisal value
additional,adicional,ADJ,B1,/əˈdɪʃ.ən.əl/,3,5488,Additional charges
assessment,evaluación,NOUN,B2,/əˈses.mənt/,4,3842,Tax assessment notice
appraisal,tasación,NOUN,C1,/əˈpreɪ.zəl/,2,1729,Asset appraisal value
allocated,asignado,ADJ,B2,/ˈæl.ə.keɪ.tɪd/,1,2076,Allocated overheads
available,disponible,ADJ,B1,/əˈveɪ.lə.bəl/,2,4766,Available funds
appendix,apéndice,NOUN,B2,/əˈpen.dɪks/,2,2096,Financial appendix
asset,activo,NOUN,B2,/ˈæs.et/,5,5854,Fixed asset register
amendment,enmienda,NOUN,C1,/əˈmend.mənt/,3,940,Accounting amendment
audit,auditoría,NOUN,B1,/ˈɔː.dɪt/,6,3420,External audit report
assessment,evaluación,NOUN,B2,/əˈses.mənt/,5,3795,Tax assessment notice
annuity,anualidad,NOUN,C1,/əˈnjuː.ə.ti/,1,1400,Pension annuity plan
attributable,atribuible,ADJ,C1,/əˌtrɪb.jə.tə.bəl/,2,1055,Attributable profits
accounting,contabilidad,NOUN,B2,/əˈkaʊn.tɪŋ/,9,4070,Financial accounting standards
accounting,contabilidad,NOUN,B2,/əˈkaʊn.tɪŋ/,7,3869,Financial accounting standards
additional,adicional,ADJ,B1,/əˈdɪʃ.ən.əl/,3,5583,Additional charges
amendment,enmienda,NOUN,C1,/əˈmend.mənt/,2,864,Accounting amendment
appendix,anexo,NOUN,B2,/əˈpen.dɪks/,1,2010,Appendix schedules
